{
  "confirmed_best_name": "cand_candk40_mmr_lambda060",
  "confirmed_best_lambda": 0.6,
  "confirmed_best_primary_score": 0.813022,
  "recommended_lambda": 0.7,
  "recommended_variant_name": "cand_candk40_mmr_lambda070",
  "top_k": 10,
  "candidate_k": 40,
  "use_mmr": true,
  "mmr_lambda": 0.7,
  "cache_dir_relative": "namu-v4-2008-2026-04-retrieval-title-section-mseq512",
  "plateau_status": "PLATEAU_OK",
  "plateau_lambdas": [
    [
      0.6,
      0.813022
    ],
    [
      0.65,
      0.813022
    ],
    [
      0.7,
      0.813022
    ],
    [
      0.75,
      0.813022
    ],
    [
      0.8,
      0.813022
    ]
  ],
  "selected_lambda_policy": "PLATEAU_TIE_BREAK_TO_PREVIOUS_BEST",
  "selected_lambda_reason": "λ-row at candidate_k=40 plateaus within epsilon=0.0200 of the metric-best primary_score; recommended λ=0.7000 matches the prior best, lowering the PR explanation cost vs the lexicographic tie-break value λ=0.6000.",
  "rollback_env": [
    [
      "AIPIPELINE_WORKER_RAG_USE_MMR",
      "false"
    ],
    [
      "# unset (default 30)",
      "AIPIPELINE_WORKER_RAG_CANDIDATE_K"
    ],
    [
      "# unset (default 0.7)",
      "AIPIPELINE_WORKER_RAG_MMR_LAMBDA"
    ]
  ],
  "baseline_metrics": {
    "primary_score": 0.732669,
    "weighted_hit_at_5": 0.7858117326057299,
    "weighted_mrr_at_10": 0.669732995517443,
    "weighted_ndcg_at_10": 0.7232378284397037,
    "silver_hit_at_5": 0.7810526315789473,
    "subpage_named_weighted_hit_at_5": 0.7106918238993711,
    "subpage_generic_weighted_hit_at_5": 0.9300699300699301,
    "main_work_weighted_hit_at_5": 0.6511627906976745,
    "section_hit_at_5": 0.045454545454545456
  },
  "confirmed_metrics": {
    "primary_score": 0.813022,
    "weighted_hit_at_5": 0.9195088676671215,
    "weighted_mrr_at_10": 0.7039888260897811,
    "weighted_ndcg_at_10": 0.7642350543747017,
    "silver_hit_at_5": 0.8357894736842105,
    "subpage_named_weighted_hit_at_5": 0.9371069182389937,
    "subpage_generic_weighted_hit_at_5": 1.0,
    "main_work_weighted_hit_at_5": 0.6976744186046512,
    "section_hit_at_5": 0.022727272727272728,
    "delta_primary_score": 0.08035300000000001,
    "delta_weighted_hit_at_5": 0.13369713506139158,
    "delta_silver_hit_at_5": 0.054736842105263195,
    "delta_subpage_named_weighted_hit_at_5": 0.2264150943396226,
    "delta_main_work_weighted_hit_at_5": 0.046511627906976716,
    "delta_section_hit_at_5": -0.022727272727272728
  },
  "section_hit_caveat": "Section_hit@5 caveat: page-level retrieval is meaningfully better under MMR; section-level exact-match fell relative to baseline. Baseline section_hit@5 is tiny (≈4.5pp on a 22-row defined-only subset), which makes the metric brittle: any reordering of neighbouring chunks within the same page can flip section_hit without affecting answer quality. We therefore document the drop but do NOT treat it as a promotion blocker. Section-aware reranking or chunk-level generation audit is the right follow-up to validate this assumption.",
  "promotion_target_clarification": "Promotion target: this evaluation tests retrieval CONFIG changes (candidate_k, use_mmr, mmr_lambda) on top of the production-default retrieval_title_section index. It does NOT test another embedding-text variant promotion. The rejected `cand_title_section_top10` candidate is the *previous* (Phase 7.0) embedding-text variant and is included only as a sanity check that retrieval_title_section is still the right index choice — its large regression on both gold and silver confirms that decision and is not part of this promotion proposal.",
  "human_focus_disclaimer": "This evaluation is NOT a representative retrieval-quality benchmark. It is a human-weighted focus set drawn from queries_v4_llm_silver_500, designed to surface v4 subpage / section-level retrieval failures. primary_score improvements only mean 'we got better at the gold-50 subpage / named-subpage failures this set was curated to expose'."
}