{
  "n_total": 50,
  "n_strict_positive": 30,
  "n_soft_positive": 14,
  "n_ambiguous_probe": 3,
  "n_abstain_test": 3,
  "hit_at_1": 0.5454545454545454,
  "hit_at_3": 0.6818181818181818,
  "hit_at_5": 0.75,
  "hit_at_10": 0.8636363636363636,
  "mrr_at_10": 0.6394209956709956,
  "ndcg_at_10": 0.6929396524797793,
  "weighted_hit_at_1": 0.567530695770805,
  "weighted_hit_at_3": 0.7312414733969986,
  "weighted_hit_at_5": 0.7858117326057299,
  "weighted_hit_at_10": 0.8922237380627559,
  "weighted_mrr_at_10": 0.669732995517443,
  "weighted_ndcg_at_10": 0.7232378284397037,
  "strict_hit_at_5": 0.8333333333333334,
  "strict_mrr_at_10": 0.7125,
  "section_hit_at_5_when_defined": 0.045454545454545456,
  "section_hit_at_10_when_defined": 0.09090909090909091,
  "chunk_hit_at_10_when_defined": null,
  "primary_score": 0.732669,
  "by_bucket": {
    "main_work": {
      "n_total": 13.0,
      "n_positive": 11.0,
      "hit_at_1": 0.45454545454545453,
      "hit_at_3": 0.5454545454545454,
      "hit_at_5": 0.5454545454545454,
      "hit_at_10": 0.6363636363636364,
      "mrr_at_10": 0.5151515151515151,
      "ndcg_at_10": 0.5442851764254072,
      "weighted_hit_at_5": 0.6511627906976745,
      "weighted_mrr_at_10": 0.5813953488372093,
      "weighted_ndcg_at_10": 0.6105103735974983
    },
    "not_in_corpus": {
      "n_total": 3.0,
      "n_positive": 0.0,
      "hit_at_1": 0.0,
      "hit_at_3": 0.0,
      "hit_at_5": 0.0,
      "hit_at_10": 0.0,
      "mrr_at_10": 0.0,
      "ndcg_at_10": 0.0,
      "weighted_hit_at_5": 0.0,
      "weighted_mrr_at_10": 0.0,
      "weighted_ndcg_at_10": 0.0
    },
    "subpage_generic": {
      "n_total": 17.0,
      "n_positive": 16.0,
      "hit_at_1": 0.625,
      "hit_at_3": 0.75,
      "hit_at_5": 0.9375,
      "hit_at_10": 0.9375,
      "mrr_at_10": 0.7208333333333333,
      "ndcg_at_10": 0.7736959798095491,
      "weighted_hit_at_5": 0.9300699300699301,
      "weighted_mrr_at_10": 0.7425407925407925,
      "weighted_ndcg_at_10": 0.7887507513612998
    },
    "subpage_named": {
      "n_total": 17.0,
      "n_positive": 17.0,
      "hit_at_1": 0.5294117647058824,
      "hit_at_3": 0.7058823529411765,
      "hit_at_5": 0.7058823529411765,
      "hit_at_10": 0.9411764705882353,
      "mrr_at_10": 0.6432072829131653,
      "ndcg_at_10": 0.7131218877340013,
      "weighted_hit_at_5": 0.7106918238993711,
      "weighted_mrr_at_10": 0.6400868523510033,
      "weighted_ndcg_at_10": 0.7100464627763955
    }
  },
  "by_query_type": {
    "alias_variant": {
      "n_total": 5.0,
      "n_positive": 5.0,
      "hit_at_1": 0.4,
      "hit_at_3": 0.6,
      "hit_at_5": 0.6,
      "hit_at_10": 0.6,
      "mrr_at_10": 0.5,
      "ndcg_at_10": 0.5261859507142915,
      "weighted_hit_at_5": 0.6818181818181818,
      "weighted_mrr_at_10": 0.5681818181818181,
      "weighted_ndcg_at_10": 0.5979385803571494
    },
    "ambiguous": {
      "n_total": 5.0,
      "n_positive": 3.0,
      "hit_at_1": 0.0,
      "hit_at_3": 0.0,
      "hit_at_5": 0.3333333333333333,
      "hit_at_10": 0.6666666666666666,
      "mrr_at_10": 0.12222222222222223,
      "ndcg_at_10": 0.24768666478085458,
      "weighted_hit_at_5": 0.33333333333333337,
      "weighted_mrr_at_10": 0.12222222222222222,
      "weighted_ndcg_at_10": 0.24768666478085463
    },
    "direct_title": {
      "n_total": 5.0,
      "n_positive": 5.0,
      "hit_at_1": 0.6,
      "hit_at_3": 0.8,
      "hit_at_5": 1.0,
      "hit_at_10": 1.0,
      "mrr_at_10": 0.75,
      "ndcg_at_10": 0.8123212623289702,
      "weighted_hit_at_5": 1.0,
      "weighted_mrr_at_10": 0.7670454545454545,
      "weighted_ndcg_at_10": 0.8255462145960982
    },
    "indirect_entity": {
      "n_total": 10.0,
      "n_positive": 10.0,
      "hit_at_1": 0.6,
      "hit_at_3": 0.7,
      "hit_at_5": 0.7,
      "hit_at_10": 0.8,
      "mrr_at_10": 0.65,
      "ndcg_at_10": 0.6856207187108022,
      "weighted_hit_at_5": 0.7368421052631579,
      "weighted_mrr_at_10": 0.6783625730994152,
      "weighted_ndcg_at_10": 0.7200242324102949
    },
    "paraphrase_semantic": {
      "n_total": 12.0,
      "n_positive": 11.0,
      "hit_at_1": 0.8181818181818182,
      "hit_at_3": 0.9090909090909091,
      "hit_at_5": 0.9090909090909091,
      "hit_at_10": 1.0,
      "mrr_at_10": 0.8614718614718615,
      "ndcg_at_10": 0.893939393939394,
      "weighted_hit_at_5": 0.9285714285714285,
      "weighted_mrr_at_10": 0.8594104308390023,
      "weighted_ndcg_at_10": 0.8928571428571428
    },
    "section_intent": {
      "n_total": 10.0,
      "n_positive": 10.0,
      "hit_at_1": 0.4,
      "hit_at_3": 0.6,
      "hit_at_5": 0.7,
      "hit_at_10": 0.9,
      "mrr_at_10": 0.5541666666666667,
      "ndcg_at_10": 0.6364208129110059,
      "weighted_hit_at_5": 0.7,
      "weighted_mrr_at_10": 0.5541666666666667,
      "weighted_ndcg_at_10": 0.6364208129110059
    },
    "unanswerable_or_not_in_corpus": {
      "n_total": 3.0,
      "n_positive": 0.0,
      "hit_at_1": 0.0,
      "hit_at_3": 0.0,
      "hit_at_5": 0.0,
      "hit_at_10": 0.0,
      "mrr_at_10": 0.0,
      "ndcg_at_10": 0.0,
      "weighted_hit_at_5": 0.0,
      "weighted_mrr_at_10": 0.0,
      "weighted_ndcg_at_10": 0.0
    }
  },
  "by_normalized_group": {
    "ABSTAIN_TEST": {
      "n_total": 3.0,
      "n_positive": 0.0,
      "hit_at_1": 0.0,
      "hit_at_3": 0.0,
      "hit_at_5": 0.0,
      "hit_at_10": 0.0,
      "mrr_at_10": 0.0,
      "ndcg_at_10": 0.0,
      "weighted_hit_at_5": 0.0,
      "weighted_mrr_at_10": 0.0,
      "weighted_ndcg_at_10": 0.0
    },
    "AMBIGUOUS_PROBE": {
      "n_total": 3.0,
      "n_positive": 0.0,
      "hit_at_1": 0.0,
      "hit_at_3": 0.0,
      "hit_at_5": 0.0,
      "hit_at_10": 0.0,
      "mrr_at_10": 0.0,
      "ndcg_at_10": 0.0,
      "weighted_hit_at_5": 0.0,
      "weighted_mrr_at_10": 0.0,
      "weighted_ndcg_at_10": 0.0
    },
    "SOFT_POSITIVE": {
      "n_total": 14.0,
      "n_positive": 14.0,
      "hit_at_1": 0.42857142857142855,
      "hit_at_3": 0.42857142857142855,
      "hit_at_5": 0.5714285714285714,
      "hit_at_10": 0.7142857142857143,
      "mrr_at_10": 0.4828231292517007,
      "ndcg_at_10": 0.5362192775535207,
      "weighted_hit_at_5": 0.5714285714285714,
      "weighted_mrr_at_10": 0.4767991407089152,
      "weighted_ndcg_at_10": 0.5299836975870894
    },
    "STRICT_POSITIVE": {
      "n_total": 30.0,
      "n_positive": 30.0,
      "hit_at_1": 0.6,
      "hit_at_3": 0.8,
      "hit_at_5": 0.8333333333333334,
      "hit_at_10": 0.9333333333333333,
      "mrr_at_10": 0.7125,
      "ndcg_at_10": 0.7660758274453665,
      "weighted_hit_at_5": 0.8333333333333334,
      "weighted_mrr_at_10": 0.7125,
      "weighted_ndcg_at_10": 0.7660758274453665
    }
  },
  "by_leakage_risk": {
    "high": {
      "n_total": 14.0,
      "n_positive": 14.0,
      "hit_at_1": 0.7142857142857143,
      "hit_at_3": 0.7857142857142857,
      "hit_at_5": 0.8571428571428571,
      "hit_at_10": 0.9285714285714286,
      "mrr_at_10": 0.7767857142857143,
      "ndcg_at_10": 0.8126479420307556,
      "weighted_hit_at_5": 0.8571428571428571,
      "weighted_mrr_at_10": 0.7767857142857143,
      "weighted_ndcg_at_10": 0.8126479420307556
    },
    "low": {
      "n_total": 23.0,
      "n_positive": 20.0,
      "hit_at_1": 0.45,
      "hit_at_3": 0.65,
      "hit_at_5": 0.75,
      "hit_at_10": 0.85,
      "mrr_at_10": 0.5796428571428571,
      "ndcg_at_10": 0.6449929573231832,
      "weighted_hit_at_5": 0.8172043010752689,
      "weighted_mrr_at_10": 0.6167776071001878,
      "weighted_ndcg_at_10": 0.6822351863561661
    },
    "medium": {
      "n_total": 10.0,
      "n_positive": 10.0,
      "hit_at_1": 0.5,
      "hit_at_3": 0.6,
      "hit_at_5": 0.6,
      "hit_at_10": 0.8,
      "mrr_at_10": 0.5666666666666667,
      "ndcg_at_10": 0.6212414374216044,
      "weighted_hit_at_5": 0.6206896551724139,
      "weighted_mrr_at_10": 0.5823754789272031,
      "weighted_ndcg_at_10": 0.6451051004846028
    },